1,Dan Greeno
2,Ian Bauer
3,Ben Sathre
4,Jacob Marotz
5,Wade Ekstrom
6,Devin Monson
7,Brian Sames
8,Ruon Dobuol
9,Brent Haglund
10,Dustin Franta
11,Ben Rodriguez
12,Ben Wilson
13,Mike Connell
14,Patrick Lowder
15,Jamison Hull
16,Tyler Iverson
17,Shane Wyborny
18,Ellis Richardson
19,Chris Massey
20,Andy Johnson
21,David Forster
22,Charlie Gamble
23,Jon Lambert
24,John Davis
25,Ruairi Moynihan
26,Adrian Swanson
27,Matt Schafer
28,Ian Campbell
29,Carl Biggers
30,Colin Rogers
31,Ryan Noack
32,Nick Ross
33,Nate Walker
34,Victor Sanchez
35,Bobby Davis
36,John Kennedy
37,Zach Haskins
38,Max Hanson
39,Denny Meints
40,Nate Dobbins
41,David Feather
42,Josh Campbell
43,Peter Borash
44,Andrew Nussbaum
45,Brian Farley
46,Joel Dieterich
47,Geoff Gillmor
48,Jordan Fladland
49,Sam Greeno
50,Colin Sinclair
51,Mark Hartman
52,Andrew Stevens
53,Chris Rivers
54,Andrew Clasen
55,Dale Dybvig
56,Matt Harren
57,Chris Marshall
58,Greg Dowe
59,Crawford Hubbell
60,Blake Hansen
61,Tim Lillehaugen
62,Tom Hoffman
63,Pat Bryant
64,Carson Smith
65,Austin Hinrichs
66,Jack Deichert
67,Jeremy Kuhn
68,Nick Michalak
69,Perk Perkovich
70,Joel McDougall
71,Brian Anderson
72,Chris Reisdorfer
73,Josh Gunderson
74,Jim Leschke
75,Andrew Boeddeker
76,Alex Thornton
77,Daniel Friedrichsen
78,Grant Cook
79,Nick Mangigian
80,Stu Lombardo
81,Josh Wold
82,Mark Bartley
83,Kellen McMillen
84,John Vallez
85,Adrian St Francis
86,Paul Lillehaugen
87,Mike Reponen
88,George Williams
89,Brian Tomlinson
90,Ryan Norman
91,Steven Lubner
92,Dylan Cheever
93,Robby McGuire
94,Reid Gilbertson
95,Pat Boland
96,Quentin Moore
97,Brendan Ruter
98,Michael Mockler
99,Joe Paille
100,Brent Schultz
101,Paul Schoeneberger
102,Adam Lund
103,Zach Stevens
104,Ben Carlson
105,Jon Bassen
106,Ben Jacobson
107,Greg Moravec
108,Brandon Huether
109,Aron Block
110,Kian Flynn
111,Austin Erickson
112,Tony Gerten
113,Brad McConn
114,Jon Kittaka
115,Benton Kodet
116,Tyler Etheridge
117,Luke Olmstead
118,Avery Bowran
119,Ryan Miller
120,Jason Chrudimsky
121,Michael Sanders
122,Matt Mehr
123,Matt McKeever
124,Cristian Raether
125,Collin Hager
126,Justin Ivory
127,Joe Arnold
128,Mike Wolter
129,Adam Scherling
130,Ethan Gutzmann
131,David Ohmann
132,Aaron Hirsh
133,Chas Karch
134,Ben Ehlers
135,Nick Krinkie
136,Jon Kasprisin
137,Ross Anderson
138,Michael Knudson
139,Nick Johnson
140,John Collier
141,Mike Mittelsteadt
142,Jeremy Bock
143,Adam Fitzgerald
144,Dan Gerber
145,Fankie Heller
146,Peter Schoen
147,Spencer McCombs
148,Allan Kroyer
149,Ian Nystrom
150,Reid McMurry
151,Robert Gerten
152,Jp Cartier
153,Will Roberson
154,Alex Stewart
155,Ryan Powley
156,Ryan Winegardner
157,Bryan Hulse
158,Collin Cousins
159,Michael Jaeger
160,Michael Kuhlman
161,Joe Kilkus
162,Ben Parks
163,Eric Larson
164,Nathan Amberg
165,Mark Petersen
166,Zach Davis
167,Todd Alle
168,Ben Fraase
169,Eric Juven
170,Patrick Sitzer
171,Dan Maxbauer
172,Joe Gair
173,Kaleb Johnson
174,Joe Macula
175,Austin Wagner
176,Chris Bowman
177,David Haugen
178,Carl Petri
179,Andy Hardt
180,John Leonard
181,Colin Sheehan
182,Ryan Sutley
183,Luke Merickel
184,Peter Ohm
185,Ben Whalen
186,Hans Gunness
187,Evan Johnson
188,Spencer Hinseth
189,Matt Clasen
190,Will Matchett
191,Andrew Nelson
192,Michael Douglas-White
193,Luke Rustad
194,Joe Marren
195,Jake Rhode
196,Justin Brunkow
197,Brad Johnson
198,Eric Bly
199,Steve Krouse
200,Robert Bruening
201,Andrew Overson
202,Nate Korf
203,Joe O'Neil
204,Tyler Nelson
205,Tom Sederquist
206,Anders Bowman
207,Matt Scherber
208,Marcus Huderle
209,Anders Nienstaedt
210,Auburn Jimenez
211,Brian Saksa
212,John Christian
213,Guthrie Cunningham
214,Ben Bayer
215,Matt Perkovich
216,Micheale Tesema
217,John Subialka
218,Seth Rosvold
219,Tanner Sakrismo
220,Nate Engel
221,Nick Evens
222,Matt Neufeld
223,Eric Klein
224,William Manaker
225,Cj Seifert
226,John Soucheray
227,Ethan Armbruster
228,Preston Tomlinson
229,Aaron Thompson
230,Peter Steele
231,Chad Claybaugh
232,Dillon Davis
233,Dakota Darkstar
234,Kurt Prieve
235,Jimmy Backes
236,Joe Fisketti
237,Connor Gjevre
238,Michael Dunn
239,Matt Harrison
240,John Taylor
241,Charles Schweitzer
242,Jacob Hoerger
243,Christian Folken
244,Jake Traxler
245,Jacob Stunek
246,Justin Rose
247,Mike Roth
248,Eric Jorgenson
249,Tim Erickson
250,Matthew Fitzgerald
251,Stefan Lemke
252,Cole Volkman
253,Austin McCoy
254,Andrew Kleven
255,Daniel Bakken
256,Justin Jurek
257,Eric Biggers
258,Matt Barrett
259,Oliver St John
260,Tyler Berndt
261,Zach Brintz
262,Duncan Secor
263,James Alpers
264,Ian O'Neill
265,Scott Anderson
266,Brian Spisiak
267,Nick Peterson
268,Mark Greci
269,Alex Jorgenson
270,Willie Versen
271,Conner Griffin
272,Frankie Heller
273,Mark Riegel
274,Alex Trujillo
275,Max Tusa
276,Mark Bostrom
277,Adam Napolitano
278,David Ohman
279,John Gard
280,Sam Fransen
281,"Brandon RichardWebster,"
282,Kevin Healy
283,Dan Voss
284,Ryan Lawrence
285,Ben Weiner
286,Hunter Melius
287,Carlos Martinez
288,Erik Germundsen
289,Andy Rothfusz
290,Joe Schubert
291,Terence Steinberg
292,Lucas Foley
293,John Amundson
294,Joseph Renier
295,Erik Slette
296,Jeff Emery
297,Michael Tolan
298,David Lunzer
299,Anders Culver
300,Kyle Obermann
301,Cooper Dodds
302,Bryton Overton
303,Adam Carlsen
304,Joe Dooher
305,Jordan Ringquist
306,Cody Voll
307,Mark Steingraeber
308,Andrew Fuglestad
309,Andrew Zabel
310,Cody Howe
311,David Ellison
312,Palmer Fliss
313,Steven Krouse
314,Dan Wilson
315,Spencer Retelle
316,Nick Neutkens
317,Caleb Giesen
318,Phil Juda
319,Loren Johnson
320,Sam Espey
321,Eric Steuck
322,Nat Froiland
323,Patrick Thornton
324,Logan Johnson
325,Grant Wintheiser
326,Patrick Boland
327,Joe Giamberdino
328,Matt Berens
329,Dillon Emo
330,Aaron Haley
331,Bjorn Thompson
332,Andy Clasen
333,Ben Rascher
334,Kellen McMillan
335,Ben Mayhew
336,Chris Gill
337,Austin Woetzel
338,Mike Waltman
339,Andy Kleven
340,Leighton Becher
341,Thor Laack-Veeder
342,Ryan Sederquist
343,Andy Keefe
344,Jake Stunek
345,Paul Berg
346,Evan Olson
347,Ricky Devine
348,Scott Haidet
349,Brian Byrnes
350,Phil Meyer
351,Tanner Davenport
352,Eric Mueller
353,Robby Williams
354,Noah Laack-Veeder
355,Colin Charpentier
356,Paul Frekot
357,Joesph Renier
358,Zach Greimann
359,Luke Iverson
360,Kyle Rossow
361,Shane Harlow
362,Colton Rod
363,Chris Bernard
364,Dan Bakken
365,Scott Fusco
366,Chris Folken
367,Dan Kremer
368,Bob Gerten
369,Ryan Peterson
370,Connor Jackson
371,Tom Sigwalt
372,Andreas Rekdahl
373,Ollie St John
374,Alex Weberg
375,Scott Dick
376,Steven Donahue
377,Kyle Froeber
378,Andrew Labeau
379,Gus Demann
380,Connor Franta
381,Bill Grimm
382,James McLean
383,Harrison Hitt
384,Schuyler Canfield
385,Dan Philpot
386,Matt Carlson
387,Miles Ross
388,Tim Peterson
389,Zach Bice
390,Erik Gartland
391,Danny Wilson
392,Andy Meyer
393,Drew Fuglestad
394,Dan Minea
395,John Buckanaga
396,Kyle Wagener
397,Gustav Danielsson
398,Ben Levy
399,Alex Hintz
400,Oliver Heywood
401,Luke Lagergren
402,Howard Mukanda
403,Derek Ballandby
404,Jordan Pesik
405,Joe Fischer
406,Ryan McInturf
407,Alan Farnsworth
408,Jeremy Welters
409,Patrick Armstrong
410,Nick Theisen
411,Dylan Saul
412,Ryan Weiss
413,Alex Phearman
414,Russell Brown
415,Henry Dobbs
416,Andy Pettengill
417,Prestin Schwichtenberg
418,Logan Schwinghammer
419,Michaeljon Hayden
420,Brandon Richardwebster
421,Mitch Messner
422,Alex Benzegala
423,Devon Bealke
424,Ian Miles
425,Keaton Wendroth
426,Jake Campbell
427,Calvin Lehn
428,Thomas Feichtinger
429,Nathan Rock
430,Preston Zimny
431,Paul Escher
432,Phillip Meyer
433,Matthew Poss
434,Tyler Krpan
435,Nate Rue
436,Joe Haase
437,Jack Inglis
438,Scott Sippel
439,Nick Letourneau
440,Cole Konczal
441,Alex Schroeder
442,Trevor Maggart
443,Charlie Baird
444,Jase Pater
445,Nick Jackson
446,Evan Kendall
447,Lukas Buehler
448,Caleb LeClaire
449,Jake Burr
450,Andrew Hansen
451,Gabe Thiel
452,Josh Schaffer
453,Spencer Castillo
454,Thomas Friebe
455,Andrew LeBeau
456,Sam Bach
457,Hart Hornor
458,Thomas Ritter
459,Ahmed Nur
460,Michael Roth
461,Michael Kreher
462,Nathan Hanson
463,Michael Greenstein
464,Peter Metzdorff
465,Porter Truax
466,Cal Knickerbocker
467,Ben Long
468,Austin Lick
469,Evan Olawsky
470,Luke Wittman
471,Mitchell McNamara
472,Zach Gilfix
473,Zac Meer
474,Quad Kilander
475,Dylan Baumann
476,Daniel Burkhardt
477,Chad Hewitt
478,Christian Svennes
479,Adam Wood
480,Eric Sanchez
481,Chris Mergens
482,Ben Hiskes
483,Thomas Brenberg
484,Andy Olson
485,Kade Fitzgerald
486,Paul Dau
487,Taylor Lauermann
488,Emilio Quintana
489,Thomas Dierberger
490,Jason Showers
491,Alec Shub
492,Chris Lagergren
493,Pat Martin
494,Adam Sturtz
495,Isaac Secor
496,Tanner Fliss
497,Nate LaFond
498,Thomas Almen-Dale
499,Alex Davis
500,Alex Johnson
501,Timothy Erickson
502,Brian Klein
503,Isaac Winters
504,Carter Gjevre
505,Sam Renier
506,Chase Grieves
507,Noah Borochoff-Porte
508,Andrew Rothfusz
509,Matt Bostrom
510,Zach Leonard
511,Jonathon Chalupsky
512,Logan Eckert
513,Eivind Bakke
514,Michael Collins
515,Erik Beck
516,Jake Brown
517,Jonah Barry
518,Mohamed Mohamed
519,Jacob Gehartz
520,Matthew Lillehaugen
521,Trevor Smith
522,Ben Withbroe
523,Jovan Newsum
524,Thomas Knobbe
525,Maxwell Kuzara
526,Tom Dolan
527,Ross Boehme
528,Nick Carlsen
529,Sean Bjork
530,Lachlan Hinwood
531,Alex Ropes
532,Nick Traxler
533,Carl Wahlin
534,Walter Edstrom
535,Connor Haugen
536,Grant Suttie
537,Evan Jones
538,Paul Nordquist
539,Brandon Franta
540,Carston Dammann
541,Sam Friesen
542,Gabe J Thiel
543,James Logan
544,Mike Ryan
545,Matt Lepisto
546,Jacob Eggers
547,Ryan Cook
548,Ethan Spittle
549,Ronnie Stimson
550,Phil Manley
551,Jack Noble
552,Cody Bekkerus
553,Kevin Schreiber
554,Jake Greeneway
555,John Benson
556,Michael Greensten
557,Tom Linder
558,Aaron Larkin
559,Tyler Lerbakken
560,Andrew McGillivary
561,Alex Fredrickson
562,Ryan Trapp
563,Zach Dietz
564,Adam Brandt
565,Joe Coffey
566,Caleb Knox
567,Tyler Pederson
568,Ryan Bugler
569,Jase E Pater
570,Chris Huss
571,Alex Charbonneau
572,Alex Kunz
573,Casey Halbmaier
574,Alex D Davis
575,Patrick O'Reilly
576,Spencer Nelson
577,Charlie Jones
578,Joseph Rabaey
579,Sherman Moga
580,Zach Bigaouette
581,William Jones
582,Austin Knowlton
583,Robert Lawrence
584,Peter Simon
585,William Hall
586,Connor Medvec
587,Austin Zollner
588,Luke Erickson
589,Michael Trenerry
590,Manny Santana
591,Ben Neubecker
592,David Huss
593,Paul Kohner
594,Matt Berka
595,Ben Bartenstein
596,Michael Wendtlandt
597,Michael Swearingen
598,Zach Grieves
599,James Innelli
600,Kemal Kirchmeier
601,Sam Longenbach
602,Mitchell Ergen
603,Eddi Flores
604,Keenan Pearson
605,Daniel Schneck
606,Erik Ternsjo
607,Maxwell Olson
608,Tayeb Zaidi
609,Will Corbett
610,Seth Loeffler-Kemp
611,Gunnar Vraa
612,Kevin Knutson
613,Nathaniel Harrison
614,Taylor Nauman
615,Peter Talen
616,Donson Cook-Gallardo
617,Jacob Gerhartz
618,joe Giamberdino
619,Paul Timm
620,Keith Ketola
621,Abdullahi Salan
622,Zach Hinz
623,David Ellenberger
624,Andy Magnuson
625,Ryan Hanselman
626,Beau Gerding
627,Erik Alfvin
628,Michael Wegter
629,Andrew Fritz
630,Austin O'Hare
631,Matthew Burgstahler
632,Alexander Ropes
633,Tim Van Laarhoven
634,Keegan Conrad
635,Zach Edinburgh
636,David McKinley
637,Nick Sokolowski
638,Marcus Speca
639,Michael Hoffert
640,Adam Berkowitz
641,Ian Bramstedt
642,Brendan Johnson
643,Henry Burt
644,Nate Webster
645,Taylor Voit
646,Nolan Ebner
647,Hiroshi Nakajima
648,Ryley Sandberg
649,Nick Rethemeier
650,Marcus Danner
651,Charlie Raasch
652,Iain McCrory
653,Nate Merrill
654,Michael Nelson
655,Anthony Paladie
656,Taylor Huffman
657,Ryan Garrett
658,Ibrahim Barqadle
659,Syver Johansen
660,Tommy Rusco
661,Joey Chmelik
662,Eric Bakken
663,Andy Rudberg
664,David Huffman
665,Mitchell Miller
666,Sam Jewson
667,Ernest Polania-Gonzalez
668,Josh Blankenship
669,Camden Sikes
670,Nick Lowery
671,Hunter Elgren
672,Andrew Ruvkun
673,Sean Ahlness
674,Andrew McIntyre
675,Brandon Krogman
676,Paul Kirk-Davidoff
677,Nathan Libra
678,Dan Buchmeier
679,Matt Rengo
680,Derek DeBlieck
681,James Westby
682,Eric Wagner
683,Justin Friedrich
684,Marty McGuire
685,Lukas Pitzl
686,Andrew Markert
687,Joseph Wattenhofer
688,Emmett Haberman
689,Ryan Turner
690,Grant Olsen
691,Hunter Huntoon
692,Alex Gordon
693,Joel Malwitz
694,Andrew Hed
695,Kevin Dudley
696,Austen Wek
697,James Woolley
698,Tedros Kifle
699,Justin Deffenbacher
700,Sean Adams
701,Zac Wright
702,Ephraim Bird
703,Alex Berhe
704,Evan Hatton
705,Parker Rosenau
706,Sam Ivanecky
707,Tayler Aarness
708,Tris Dodge
709,Seth Glidewell
710,Tim Van
711,William Anderson
712,Tom Ritter
713,Andres Rasmussen
714,Tony Duchenes
715,Mac Doherty
716,Henry Boettcher
717,Daniel Mahota
718,Alex Wischnack
719,Andrew Plumb
720,Zach Glasgow
721,Justin Furcich
722,Allen-Michael Burback
723,Cullen Irvine
724,Sam Nelson
725,Thomas Lerdall
726,Richard Peterson
727,Sherm Moga
728,Andrew Berg
729,Daniel Zoltek
730,Dan Allen
731,Stuart Gordon
732,Kyle Mehrhof
733,Race Heitkamp
734,Tim Huss
735,Chris Boranian
736,Jonah Shaw
737,Brandon Quibell
738,Alec Kirtley
739,Liam Getzloff
740,Will Zimmerman
741,Kevin Lamb
742,John Surber
743,Jake Kirsch
744,Thomas Bissen
745,Spencer Grant
746,Justin Brecheisen
747,James Mathison
748,Chase Graff
749,Tyler Stordahl
750,Jeremy Storvick
751,Derek Deblieck
752,Chris Covert
753,Andrew Etteldorf
754,Sam Richmond
755,Alex Schneider
756,Gabe Coleman
757,Robert Nelson
758,Nick Dea
759,Kyle Becker
760,Luke Lillehaugen
761,Dylan Lasron-Harsch
762,Jess Palyan
763,John Miles
764,Joey Gais
765,Ben Bartensetin
766,Kyle Fredrickson
767,Sam Karlson
768,Ethan Ellis
769,Benjamin Erickson
770,Alec Dewitz
771,Alex Ozark
772,Jack Schugel
773,Ryan Moore
774,Kai Heen
775,Brandon Johnson
776,Pallav Kumar
777,Bailey Lachance
778,Max Bauer
779,Connor Sandok
780,Frank Spence
781,Matt Steele
782,Will Feeney
783,Peter Fry
784,Mason Martinez
785,Landry Hacklander
786,Austin Kleman
787,Yasir Said
788,Luke Owens
789,Thomas  Knobbe
790,Evan  Jones
791,Tremayne Collins
792,Cameron Meikle
793,Carston  Dammann
794,Jack Henschel
795,Sam Bell
796,Fernando  Benitez
797,John Mark Shields
798,James Doherty
799,Spencer Urick
800,Eric Wicklund
801,Scott Helstad
802,Sam  Friesen
803,Christopher Brenk
804,Henry Harper
805,Elliot Kadrofske
806,Andy Barnhart
807,Collin Kiley
808,Keenan Ronayne
809,Keaton Shinn
810,Robert  Nelson
811,Kyle  Fredrickson
812,Jake Lepak
813,Ernesto Polania-Gonzalez
814,Karl Wachter
815,Samuel Cruz
816,Josh Larson
817,Bailey LaChance
818,Bridger  Pavelka
819,George McGivern
820,Dylan Larson-Harsch
821,Jackson Simon
822,Ethan Engberg
823,Mathew  Paal
824,Brian Bettes
825,Justin  Brecheisen
826,Conrad Phelan
827,Edward Hershewe
828,Owen Wright
829,Peter Jarka-Sellers
830,Tyler  Stordahl
831,Nathaniel Sauerberg
832,Jacob Bransky
833,Seguy Hanson
834,Andrew Wischnack
835,Isaac Slagel
836,Sean Lonergan
837,Ben Borash
838,Alex Theship-Rosales
839,Nick Solheim
840,Andrew Elliott
841,Gnanaharish Jayachandraba
842,Jacob Van Houtan
843,Caleb Foster
844,Sam O'Donnell-Hoff
845,Thomas Nelson
846,Spencer Ware Joncas
847,Robert  Lawrence
848,Ben Bildsten
849,Geleto Roba
850,Dan Ziebarth
851,Alec Getzloff
852,Olsen Pancoast
853,Sam  Longenbach
854,Peter Aehl
855,Samuel Abegglen
856,Cole Nelson
857,Elijah Fourre
858,Kevin  Dudley
859,Yasir  Said
860,Tommy Froland
861,Kellen Overvig
862,Jackson Gerber
863,Teagan Brogdon
864,Hunter  Kraling
865,Marlon Barrett-Dwyer
866,Jason Marshall
867,Sean  Adams
868,David Braun
869,Lucas Mueller
870,Andrew Stumbo
871,Matthew Wilkinson
872,Frank Gustafson
873,Fernando Benitez
874,Tyler Bethke
875,Josh Halverson
876,Carl Kozlowski
877,Sam Primozich
878,Liban Jama
879,Brennan Gustafson
880,Ezekiel Lelinga
881,Ben Madigan
882,Munir Isahak
883,Anders Rasmussen
884,Justin Brakob
885,Jack Colleran
886,Adrian Johnson
887,Nick Kerbeshian
888,Noah Webb
889,Erik Kivela
890,Nicholas Rethemeier
891,Noah Kneeskern
892,Bridger Pavelka
893,Erik Larson
894,Jonathan Sweeney
895,Edwin Reyes Herrera
896,Jonah Herzog
897,Jordan Malikowski
898,Jonathon Meaden
899,Ben Schnieders
900,Zach Herman
901,Seth Jackson
902,Carter Woetzel
903,Sam Stresemann
904,Chris Schold
905,Kristofer Johnson
906,Connor Haugrud
907,Isaac Tade
908,Max Kuhs
909,Matthew Paal
910,Tommy McHugh
911,Austin Schroepfer
912,Michael Milner
913,Ben Roen
914,Anders Olson
915,Isaiah Olsem
916,Lukas Lindgren
917,Tanner Moris
918,Alden Aaberg
919,Evan David
920,Nathan Scruggs
921,Josh Willard
922,Michael Finn
923,Collin Hartogh
924,William McLeer
925,Clay Tydings
926,Sam O'Donnell-hoff
927,Greg Miller
928,Christopher Stanek
929,Zac Lane
930,Aidan Tollefson
931,Anthony Smith
932,Sam Bergman
933,Zach Eicher
934,Sasha Lewis-Norelle
935,James Berg
936,Gabe Segura
937,Mark Baumeister
938,Jacob Czech
939,Nathan Drees
940,Brendon Nuese
941,Casey Olson
942,Matt Lorah
943,Baylor Leese
944,Hans Frank-Holzner
945,Elijah Levey
946,Evan Green
947,Alex Walsh
948,Alan Scheuermann
949,Armando Hernandez
950,David Stone
951,Theodore Sweet
952,Macallister Karrick
953,Adam Nakasaka
954,Biel Wiel
955,Eliott Cassidy
956,Gemechu Meskele
957,Ben Santos
958,Ike Mendel
959,Adam Ebent
960,Ben Wicklund
961,Mohamed Salad
962,Nolan Christenson
963,Jack Degonda
964,Garet Grant
965,Noah Johnson
966,Andy Goldsmith
967,Landon Javens
968,Stephen Lavey
969,Reuben Kosche
970,Jack Heun
971,Ryan Houseman
972,Fred Kerr
973,Keegan Sansone
974,Dillon Diekmann
975,Nicholas Sluga
976,Smith Mayse
977,Lars Ripley
978,Matt Payne
979,Nick Olfert
980,Lucas Schnirring
981,Joe Huffman
982,Tyler Gallagher
983,Parker Zak
984,Jared Wiens
985,Jack Osborne
986,Henry Shore
987,Justus Fast
988,Ryan Davis
989,Michael Kraimer
990,Nathan Meyer
991,Zane Michael
992,Jeremy Gilbertson
993,Jesse Shufro-Zletz
994,Aric Brodie
995,Bridger Rives
996,Oscar Christoph
997,Luke Pedersen
998,Camerson Schultz
999,Kojo Herzog
1000,Maxwell Krause
1001,Isaiah Hobus
1002,Elijah Levy
1003,Bryce Knutson
1004,Brian Carl
1005,Brett Hunsanger
1006,Henrik Gilbertson
1007,Kevin Sethre
1008,Max Mayer
1009,Marc Donnelly
1010,Timothy Zehr
1011,Joseph Bastian
1012,Luke Malek
1013,Eric Trempe
1014,Tyler Northey
1015,Josh Wilson
1016,Justin Kringler
1017,Jens Lange
1018,Peter Larson
1019,Cian Hanrahan
1020,Christian Barlow
1021,Yuto Watanabe
1022,Thomas Razildo
1023,Jack McCabe
1024,Charlie Otto
1025,Thomas Dea
1026,George Mcgivern
1027,Zach Haire
1028,Arne Ellefson-Carnes
1029,Zak Sather
1030,Thomas Nemanich
1031,Derk Lyford
1032,Henry Bowman
1033,Penn Sagedahl
1034,Ben Chao
1035,Colton Halla
1036,Adam Mccollor
1037,Sakariya Hussien
1038,Kenyon Nystrom
1039,Sam Theisen
1040,Mitchell Grand
1041,Ben Perry
1042,Nehemiah Gaim
1043,Jesse Middendorf
1044,Tanner Olson
1045,Henry Hinchcliffe
1046,Kevin Montresor
1047,Elijah Jones
1048,Solomon Johnson
1049,Noah Massanari
1050,Basil Ricker
1051,Aidan St George
1052,Morey Smith
1053,Treycen Eckman
1054,Jeremy Fong
1055,Tommy Ryan
1056,Ben Aoki-Sherwood
1057,Riley Berg
1058,Anders Narum
1059,Samuel Rengo
1060,Alexei Hensel
1061,Michael Abeyta
1062,Julian Munoz
1063,Mike Ward
1064,Trevor Lavigne
1065,Alexander Stonick
1066,Tucker Wallin
1067,Michael Kraimer 
1068,Jonathan Meaden
1069,Luke Peterson
1070,John Cramer
1071,Noah Smith
1072,Jared Brandt
1073,Erik Sworski
1074,Nathan Clausing
1075,Parker Johnson
1076,Caedon Mccartney
1077,Chris Raabe-Pavlov
1078,Dawson Ashley
1079,Avery Watts
1080,Cole Peske
1081,Jack Marble
1082,Axel Daood
1083,Zachary Foquerel-Skoe
1084,Ethan Unruh
1085,Corbin Michels
1086,Matt Gilles
1087,Peter Rachlin
1088,Jacob Lipke
1089,Daniel Kloeppner
1090,Jose Pantoja
1091,Ethan Smith
1092,Jack Gothberg
1093,Tad Stewart
1094,Thomas Liking
1095,Jack Mccabe
1096,Erik Garcia Gonzaga
1097,Taylor Devine
1098,JoJo Baldus
1099,Aaron Puent
1100,Juan Burleigh
1101,Sam Marble
1102,Simon Zahrbock
1103,Cameron Regan
1104,Keaton Martin
1105,William Mcleer
